Date,SPY,EFA,AGG,GLD,VNQ
2018-01-02,239.248,62.5601,100.702,125.15,69.5684
2018-01-03,240.749,62.8614,100.712,124.82,69.3669
2018-01-04,241.783,63.5502,100.642,125.46,68.1726
2018-01-05,243.408,63.9053,100.572,125.33,68.205
2018-01-08,243.843,63.8867,100.542,125.31,68.557
2018-01-09,244.377,63.9562,100.273,124.73,67.6742
2018-01-10,244.032,63.8329,100.273,125.03,66.9182
2018-01-11,245.803,64.2741,100.323,125.44,66.6892
2018-01-12,247.392,64.9188,100.303,126.96,66.1524
2018-01-16,246.559,64.8572,100.333,127.17,66.2783
2018-01-17,248.893,65.1937,100.214,126.14,66.7422
2018-01-18,248.484,65.1135,99.9847,125.86,65.8822
2018-01-19,249.633,65.4755,99.7951,126.42,66.237
2018-01-22,251.641,65.812,99.7557,126.65,66.8406
2018-01-23,252.179,66.0224,99.9747,127.28,67.7666
2018-01-24,252.081,66.1378,99.8849,128.83,67.4137
2018-01-25,252.189,65.8825,100.144,127.97,67.2948
2018-01-26,255.097,66.4646,99.9448,128.07,67.0618
2018-01-29,253.403,65.8561,99.7951,127.35,66.1613
2018-01-30,250.791,65.3092,99.6262,126.8,65.6816
2018-01-31,250.922,65.2192,99.7159,127.65,66.8593
2018-02-01,250.646,65.407,99.4071,128.07,65.4192
2018-02-02,245.191,64.0804,99.1084,126.39,64.8637
2018-02-05,234.94,61.3969,99.4968,126.71,62.936
2018-02-06,239.573,62.6051,99.2279,125.38,62.9439
2018-02-07,238.271,61.9428,98.985,124.79,62.6775
2018-02-08,229.331,60.3266,98.8017,124.98,60.8766
2018-02-09,232.767,60.5839,98.6862,124.77,62.3993
2018-02-12,236.185,61.5103,98.7161,125.37,62.4248
2018-02-13,236.778,61.3254,98.736,126.08,62.8643
2018-02-14,239.982,62.4114,98.4015,128.23,62.4091
2018-02-15,243.047,62.7998,98.5299,128.38,63.0136
2018-02-16,243.123,63.0835,98.7261,127.96,63.3587
2018-02-20,241.582,62.4906,98.6185,126.24,62.6077
2018-02-21,240.396,62.1893,98.2939,125.66,61.372
2018-02-22,240.693,62.517,98.3029,126.3,62.07
2018-02-23,244.532,63.0121,98.5688,126.14,63.0618
2018-02-26,247.373,63.604,98.6384,126.45,63.2388
2018-02-27,244.281,62.6579,98.4214,125.13,61.7662
2018-02-28,241.822,62.066,98.6962,125.0,61.7269
2018-03-01,238.299,61.0251,98.7858,124.72,61.7849
2018-03-02,239.525,61.3176,98.6285,125.39,61.7603
2018-03-05,242.26,61.6414,98.5786,125.18,62.4583
2018-03-06,242.903,62.0064,98.5986,126.53,62.7512
2018-03-07,242.809,61.9878,98.5786,125.72,63.1395
2018-03-08,244.012,62.1198,98.736,125.42,63.2575
2018-03-09,248.244,62.517,98.5498,125.54,63.6016
2018-03-12,247.929,62.5885,98.6086,125.54,63.8788
2018-03-13,246.33,62.1736,98.736,125.78,63.9407
2018-03-14,245.057,62.3233,98.8903,125.7,63.9977
2018-03-15,244.771,62.2871,98.9003,124.9,63.9819
2018-03-16,245.057,62.2431,98.8415,124.6,64.4272
2018-03-19,241.756,61.7402,98.746,124.87,63.8708
2018-03-20,242.158,61.7305,98.5986,124.31,63.6526
2018-03-21,241.697,61.8283,98.5886,126.48,63.1808
2018-03-22,235.65,60.6797,98.7659,125.98,62.8112
2018-03-23,230.634,60.0086,98.7659,127.61,61.6925
2018-03-26,236.939,61.0857,98.736,128.28,62.3973
2018-03-27,232.892,60.6357,99.0248,127.49,62.6352
2018-03-28,232.221,60.9899,99.0886,125.73,64.2081
2018-03-29,235.199,61.5465,99.3773,125.79,64.1304
2018-04-02,230.117,60.6964,99.2877,127.26,63.2643
2018-04-03,233.036,61.0857,99.1682,126.3,63.8001
2018-04-04,235.552,61.298,99.208,126.45,64.4725
2018-04-05,237.439,61.7041,99.0546,125.8,64.4469
2018-04-06,232.138,61.298,99.2877,126.39,63.9613
2018-04-09,233.256,61.8019,99.3673,126.82,63.7579
2018-04-10,236.978,62.4642,99.2977,127.12,63.6861
2018-04-11,235.725,62.2255,99.3773,128.11,63.8256
2018-04-12,237.668,62.4642,99.1582,126.62,63.113
2018-04-13,236.978,62.5249,99.1881,127.45,63.4413
2018-04-16,238.912,62.6227,99.208,127.63,63.8336
2018-04-17,241.498,62.9074,99.2379,127.75,64.5816
2018-04-18,241.658,63.2312,98.9352,127.85,64.4469
2018-04-19,240.329,62.9954,98.6962,127.6,63.512
2018-04-20,238.281,62.7567,98.4214,126.63,62.9242
2018-04-23,238.243,62.6775,98.3715,125.62,62.8732
2018-04-24,235.036,62.4212,98.2351,126.23,63.113
2018-04-25,235.611,62.3145,98.0978,125.41,62.994
2018-04-26,238.023,62.6227,98.2739,124.97,63.8188
2018-04-27,238.234,62.6843,98.4015,125.5,64.9139
2018-04-30,236.403,62.4828,98.4214,124.59,64.6573
2018-05-01,236.817,62.2617,98.3327,123.71,65.2432
2018-05-02,235.238,62.2333,98.3327,123.65,65.0043
2018-05-03,234.701,62.428,98.4512,124.28,64.964
2018-05-04,237.756,62.6491,98.52,124.54,65.6777
2018-05-07,238.558,62.6579,98.4712,124.57,66.1191
2018-05-08,238.558,62.6677,98.3517,124.59,65.7888
2018-05-09,240.855,62.8193,98.2351,124.33,66.2311
2018-05-10,243.123,63.2234,98.4712,125.18,66.7482
2018-05-11,243.871,63.3917,98.52,125.0,66.5202
2018-05-14,243.993,63.5061,98.4214,124.49,65.9489
2018-05-15,242.26,63.0453,97.9573,122.48,64.8794
2018-05-16,243.334,63.1344,97.8547,122.29,64.6848
2018-05-17,243.113,63.2312,97.7153,122.36,64.3604
2018-05-18,242.481,63.0033,97.9673,122.41,64.4469
2018-05-21,244.32,63.4014,97.9772,122.48,65.2117
2018-05-22,243.649,63.3212,97.9772,122.41,65.3021
2018-05-23,244.31,62.6227,98.2641,122.54,65.9569
2018-05-24,243.824,62.428,98.5498,123.59,65.8222
2018-05-25,243.248,62.022,98.7559,123.21,66.0512
2018-05-29,240.434,60.76,99.4171,123.19,66.3658
2018-05-30,243.649,61.6855,99.1781,123.37,67.2673
2018-05-31,242.148,61.298,99.0886,123.1,67.0391
2018-06-01,244.522,61.8283,98.9551,122.49,67.335
2018-06-04,245.699,62.0152,98.7261,122.37,67.919
2018-06-05,245.879,61.9173,98.7957,122.85,67.742
2018-06-06,247.919,62.474,98.5786,122.92,67.9033
2018-06-07,247.89,62.1198,98.7858,122.86,67.9033
2018-06-08,248.616,62.1893,98.6464,123.01,68.151
2018-06-11,248.963,62.5885,98.5498,123.23,68.0467
2018-06-12,249.277,62.1893,98.5786,122.82,68.4567
2018-06-13,248.493,62.2774,98.4811,123.19,67.1217
2018-06-14,249.105,62.1453,98.736,123.38,67.7597
2018-06-15,248.79,61.8283,98.7659,121.34,67.7185
2018-06-18,248.302,61.3871,98.7858,121.11,67.7332
2018-06-19,247.324,60.8196,98.8804,120.8,67.6644
2018-06-20,247.755,60.8637,98.7061,120.26,68.4203
2018-06-21,246.214,60.4303,98.736,120.05,68.7447
2018-06-22,246.666,61.0721,98.8117,120.34,69.2864
2018-06-25,243.314,60.2248,98.7659,119.89,69.1064
2018-06-26,243.843,60.3334,98.9252,119.26,69.3286
2018-06-27,241.822,59.764,99.1184,118.58,69.0632
2018-06-28,243.209,59.991,99.1084,118.22,69.6795
2018-06-29,243.565,60.3246,99.1981,118.65,69.8526
2018-07-02,244.092,59.7738,99.0984,117.46,69.4672
2018-07-03,243.219,59.9538,99.3075,118.65,69.9912
2018-07-05,245.184,60.5496,99.3972,119.05,70.8228
2018-07-06,247.258,60.8735,99.4868,118.86,71.1983
2018-07-09,249.497,61.4585,99.4071,119.15,70.6331
2018-07-10,250.389,61.4301,99.3275,118.93,70.7795
2018-07-11,248.56,60.4048,99.3673,117.64,70.5455
2018-07-12,250.791,60.8735,99.4769,118.13,70.7619
2018-07-13,250.99,61.0632,99.5664,117.61,70.5455
2018-07-16,250.761,61.0349,99.457,117.55,70.1681
2018-07-17,251.795,61.1435,99.4171,116.28,69.7061
2018-07-18,252.339,61.1523,99.4071,116.31,69.3974
2018-07-19,251.382,61.0261,99.5466,115.81,70.2133
2018-07-20,251.078,61.3157,99.3573,116.56,69.5351
2018-07-23,251.555,61.3157,99.0049,116.0,69.3906
2018-07-24,252.838,61.6747,99.1582,116.04,69.0377
2018-07-25,254.962,62.1335,99.1682,116.68,69.5861
2018-07-26,254.39,61.8537,99.1084,115.77,69.8171
2018-07-27,252.674,61.9721,99.1881,115.83,69.072
2018-07-30,251.334,61.9633,99.0746,115.65,69.1153
2018-07-31,252.596,62.0435,99.1682,115.99,70.2733
2018-08-01,252.15,61.7285,99.0546,115.14,70.7707
2018-08-02,253.508,61.3254,99.0984,114.52,70.4876
2018-08-03,254.619,61.3587,99.3175,114.92,71.2504
2018-08-06,255.546,61.0975,99.3773,114.33,71.155
2018-08-07,256.38,61.5759,99.208,114.59,71.0263
2018-08-08,256.273,61.5221,99.208,114.91,70.6154
2018-08-09,255.939,61.3411,99.3375,114.74,70.6508
2018-08-10,254.214,60.1172,99.5466,114.69,70.1111
2018-08-13,253.248,59.901,99.5964,112.96,69.9715
2018-08-14,254.868,59.8922,99.5068,113.07,70.3155
2018-08-15,252.962,59.0273,99.6462,111.19,70.8553
2018-08-16,255.011,59.4402,99.7059,111.1,71.4304
2018-08-17,255.93,59.7924,99.7657,112.13,72.0909
2018-08-20,256.466,60.1172,99.9348,112.69,72.1411
2018-08-21,257.068,60.4851,99.865,113.02,71.7066
2018-08-22,256.906,60.7208,99.9348,113.27,71.3006
2018-08-23,256.57,60.2874,99.8949,112.2,71.1236
2018-08-24,258.131,60.6377,99.9947,114.16,71.5424
2018-08-27,260.171,61.4497,99.8749,114.59,71.2839
2018-08-28,260.293,61.3969,99.6959,113.68,72.2452
2018-08-29,261.681,61.7285,99.676,114.2,72.2639
2018-08-30,260.628,61.1435,99.7258,113.64,71.798
2018-08-31,260.637,60.6563,99.7159,113.51,72.083
2018-09-04,260.197,60.1426,99.5964,112.93,71.2269
2018-09-05,259.47,59.5948,99.5566,113.32,71.6357
2018-09-06,258.686,59.4138,99.7258,113.54,71.8422
2018-09-07,258.206,58.9354,99.3773,113.23,71.0617
2018-09-10,258.638,59.2974,99.457,113.15,71.3782
2018-09-11,259.49,59.3492,99.3075,113.22,71.3703
2018-09-12,259.547,59.6036,99.3673,114.17,71.4047
2018-09-13,261.08,60.0448,99.4171,113.76,71.7576
2018-09-14,261.126,60.1338,99.2578,113.02,71.3006
2018-09-17,259.748,60.1886,99.2578,113.61,71.5335
2018-09-18,261.156,60.8196,99.0248,113.44,71.1895
2018-09-19,261.434,61.0349,98.8217,113.88,70.3579
2018-09-20,263.567,61.7921,98.965,114.27,71.0184
2018-09-21,263.325,61.8195,99.0447,113.49,70.9919
2018-09-24,262.447,61.5407,98.9451,113.47,69.7149
2018-09-25,262.227,61.8449,98.8903,113.65,69.7228
2018-09-26,261.405,61.8733,99.1482,113.05,68.8892
2018-09-27,262.17,61.7481,99.218,112.05,69.2175
2018-09-28,262.198,61.2423,99.1084,112.76,70.1573
2018-10-01,263.086,61.3157,99.0746,112.57,69.5055
2018-10-02,262.937,60.9997,99.1981,113.87,69.3502
2018-10-03,263.078,60.892,98.7161,113.42,68.61
2018-10-04,261.012,60.1788,98.4313,113.48,68.0349
2018-10-05,259.547,59.8198,98.2053,113.8,68.0025
2018-10-08,259.547,59.5302,98.1654,112.54,68.9836
2018-10-09,259.192,59.3786,98.3129,112.6,69.0789
2018-10-10,250.962,58.1185,98.2839,112.88,68.0536
2018-10-11,245.441,57.3065,98.5886,115.78,66.1072
2018-10-12,248.858,57.5139,98.6086,115.23,65.9332
2018-10-15,247.45,57.3779,98.5498,116.0,66.3766
2018-10-16,252.866,58.3592,98.6086,115.8,67.741
2018-10-17,252.903,58.0275,98.4015,115.79,67.4796
2018-10-18,249.258,57.0903,98.3327,115.92,67.3498
2018-10-19,249.125,57.4141,98.2451,116.01,67.9318
2018-10-22,248.004,57.1627,98.2252,115.71,66.9831
2018-10-23,246.751,56.6216,98.3517,116.39,67.279
2018-10-24,239.276,55.0182,98.6086,116.66,67.9131
2018-10-25,243.584,55.7118,98.5299,116.4,68.783
2018-10-26,239.286,55.3332,98.746,116.77,67.1315
2018-10-29,237.956,55.1796,98.6464,116.31,67.9868
2018-10-30,241.498,55.8449,98.51,115.8,68.9147
2018-10-31,244.082,56.2597,98.4612,115.15,68.1058
2018-11-01,246.675,56.9817,98.4712,116.63,68.4272
2018-11-02,245.191,57.0629,98.1654,116.65,67.8639
2018-11-05,246.559,57.0629,98.2351,116.37,68.8705
2018-11-06,248.109,57.2967,98.2451,116.04,69.2175
2018-11-07,253.413,58.0617,98.3327,116.03,70.0443
2018-11-08,252.952,57.4963,98.1455,115.78,70.0973
2018-11-09,250.483,57.1167,98.2739,114.48,70.0885
2018-11-12,245.813,56.1794,98.4413,113.66,70.2281
2018-11-13,245.333,56.424,98.4811,113.7,70.1573
2018-11-14,243.677,56.468,98.491,114.64,69.9853
2018-11-15,246.224,56.6481,98.6086,114.77,69.5055
2018-11-16,246.867,56.7116,98.7659,115.62,70.2526
2018-11-19,242.672,56.2166,98.7559,115.67,70.349
2018-11-20,238.186,55.2442,98.7261,115.67,69.6294
2018-11-21,238.998,56.018,98.7858,115.86,69.6865
2018-11-23,237.429,55.6492,98.7559,115.77,69.5498
2018-11-26,241.239,56.4866,98.736,115.64,69.6785
2018-11-27,242.04,56.2685,98.7659,114.95,69.9754
2018-11-28,247.612,57.0717,98.9551,115.38,70.6016
2018-11-29,247.077,56.7821,99.0049,115.74,70.6184
2018-11-30,248.588,56.5404,98.975,115.54,71.2888
2018-12-03,251.882,57.2869,99.1482,116.41,71.6692
2018-12-04,243.726,55.8018,99.4071,117.12,70.6095
2018-12-06,243.362,55.2794,99.6362,117.14,72.3573
2018-12-07,237.687,54.7217,99.7752,118.09,71.4107
2018-12-10,238.136,54.2981,99.835,117.68,70.9506
2018-12-11,238.196,54.4693,99.855,117.54,70.984
2018-12-12,239.401,55.2696,99.7951,117.79,69.889
2018-12-13,239.322,55.1708,99.8151,117.53,70.295
2018-12-14,234.902,54.4595,99.835,117.06,70.0915
2018-12-17,230.286,54.0271,99.9947,117.87,67.4501
2018-12-18,230.03,54.0731,100.293,118.15,68.147
2018-12-19,226.595,53.5526,100.393,117.43,67.3999
2018-12-20,222.91,53.3354,100.293,119.24,66.3864
2018-12-21,218.344,52.406,100.244,118.72,65.4614
2018-12-24,212.563,51.7975,100.313,120.02,63.1297
2018-12-26,223.301,52.9979,100.124,119.66,65.2412
2018-12-27,225.025,53.1535,100.283,120.57,65.2324
2018-12-28,224.726,53.4352,100.662,121.06,65.4457
2018-12-31,226.699,53.5174,100.92,121.25,65.6217
